{"pairs":[
  {
    "x0": -1.2858949140633544e+02,
    "y0": 2.47619750598639e+01,
    "x1": 1.3097482047570445e+01,
    "y1": 4.479882076600811e+01
  },
  {
    "x0": -1.3129426991615838e+02,
    "y0": 2.0983616768268988e+01,
    "x1": 1.5891912463812712e+01,
    "y1": 4.4418332676133396e+01
  }
]}